{"test_loss": 0.07206334228992463, "test_accuracy": 0.1, "_timestamp": 1691767660.0974398, "_runtime": 62.47938275337219, "_step": 0, "_wandb": {"runtime": 173}}