{"test_loss": 0.07203049695491791, "test_accuracy": 0.09962, "_timestamp": 1691767361.653316, "_runtime": 46.85613799095154, "_step": 0, "_wandb": {"runtime": 140}}