{"test_loss": 0.04427854375600815, "test_accuracy": 0.63722, "_timestamp": 1691846524.3122327, "_runtime": 71697.24541378021, "_step": 50}