{"test_loss": 0.03881881194472313, "test_accuracy": 0.68474, "_timestamp": 1691895623.8847742, "_runtime": 61225.8365342617, "_step": 97}